epoch,model_name,timestamp,learning_rate,training_time_seconds,train_segmentation_loss,train_segmentation_accuracy,train_segmentation_miou,val_segmentation_loss,val_segmentation_accuracy,val_segmentation_miou,train_background_precision,train_background_recall,train_background_f1,train_background_iou,train_face_precision,train_face_recall,train_face_f1,train_face_iou,val_background_precision,val_background_recall,val_background_f1,val_background_iou,val_face_precision,val_face_recall,val_face_f1,val_face_iou,train_race_loss,train_race_accuracy,train_race_weighted_f1,train_race_macro_f1,val_race_loss,val_race_accuracy,val_race_weighted_f1,val_race_macro_f1,train_white_precision,train_white_recall,train_white_f1,train_white_iou,train_white_support,val_white_precision,val_white_recall,val_white_f1,val_white_iou,val_white_support,train_black_precision,train_black_recall,train_black_f1,train_black_iou,train_black_support,val_black_precision,val_black_recall,val_black_f1,val_black_iou,val_black_support,train_asian_precision,train_asian_recall,train_asian_f1,train_asian_iou,train_asian_support,val_asian_precision,val_asian_recall,val_asian_f1,val_asian_iou,val_asian_support,train_indian_precision,train_indian_recall,train_indian_f1,train_indian_iou,train_indian_support,val_indian_precision,val_indian_recall,val_indian_f1,val_indian_iou,val_indian_support,train_others_precision,train_others_recall,train_others_f1,train_others_iou,train_others_support,val_others_precision,val_others_recall,val_others_f1,val_others_iou,val_others_support
1,FaceSeg+,2025-07-04 04:38:30,3.9999999999999996e-05,100.10051584243774,0.3835263841373976,0.8388866674572418,0.6829223562889196,0.295848393384929,0.8748196559826349,0.7553392174738518,0.7647254744859302,0.6925698771052071,0.7268612926852599,0.570920801372699,0.8677738770950845,0.9044796271730711,0.8857465894669253,0.7949239112051403,0.7618220905156167,0.8663707025265548,0.810739738001262,0.6817177430765863,0.9361862387878453,0.8786062400718059,0.9064827362091241,0.8289606918711173,1.509269961090975,0.359830866807611,0.2860063390184151,0.17683494052971466,1.4129053829994114,0.4182661885678127,0.27363912333349005,0.14305418280526533,0.4392489223318532,0.7473893585188042,0.5533108916573907,0.38246707805596747,8044,0.4349602724078329,0.9503968253496826,0.5967917338846409,0.4253052164167524,2016,0.2880116958643258,0.0545555247838672,0.09173454830448509,0.048072230355098285,3611,0.0,0.0,0.0,0.0,905,0.15189873398493833,0.004374772147124507,0.008504601219213079,0.004270462633299984,2743,0.0,0.0,0.0,0.0,687,0.17231537637629984,0.1523659305945626,0.16172772517080664,0.08797814207490022,3170,0.19940476184541522,0.08427672954914758,0.11847918014168572,0.06296992480611184,795,0.06238752249175839,0.07692307691738734,0.06889693629667769,0.03567753001592873,1352,0.0,0.0,0.0,0.0,338
2,FaceSeg+,2025-07-04 04:40:12,4.000142562380119e-05,101.50268292427063,0.2833223630522573,0.8826786331596133,0.7614886204419458,0.2777466944779708,0.8847999468153475,0.7675734999677235,0.8159022217684179,0.8018933910099172,0.8088371036943741,0.6790315498814213,0.9118736340011684,0.9188919858095804,0.9153693072659776,0.8439456910024703,0.8047139242362996,0.8289147020586464,0.8166350064908748,0.6900956978247919,0.9222767951567039,0.9098461468820443,0.9160192510851031,0.8450513021106552,1.4226064266160476,0.43012684989429173,0.3381928524017681,0.21210746642997397,1.355050972608845,0.47880194051887787,0.37914031652308,0.24453157056526517,0.46841020538363715,0.8197761193927888,0.5961738038343661,0.42467783504881007,8040,0.5185304543822582,0.7981150793254903,0.6286383581686471,0.45840455839149846,2016,0.3668514119723713,0.38461538460474226,0.3755233864624864,0.23116580741341816,3614,0.4238544474107915,0.6950276242325937,0.526580111955228,0.3573863636160576,905,0.0,0.0,0.0,0.0,2744,0.0,0.0,0.0,0.0,687,0.1608548931202638,0.04509618416760971,0.07044331554631718,0.03650753127300211,3171,0.2077922076572778,0.040251572321980934,0.06743938270245077,0.03489640130480955,795,0.0818713449813618,0.010362694299751096,0.018396826306700188,0.009283819628031577,1351,0.0,0.0,0.0,0.0,338
3,FaceSeg+,2025-07-04 04:41:56,4.000570248673628e-05,102.67813920974731,0.27456403783587524,0.884395313061317,0.7638289387669954,0.27688901012292316,0.8825234648699097,0.7651824577672108,0.8232265566535651,0.7978931913201783,0.8103618807564846,0.6811835899394654,0.9106155245173541,0.923179902909073,0.9168546208542908,0.8464742875945254,0.7917058098278192,0.8418996287349674,0.8160315469397383,0.6892342690487,0.9270716660625773,0.9007299294160002,0.9137109330861827,0.8411306464857217,1.3606738226358281,0.4781183932346723,0.37505129248806934,0.24078482990765648,1.275747454913199,0.5117063910567391,0.39986934844496963,0.25903065224935595,0.5106035889030481,0.8166231829939543,0.6283337639512503,0.45808070248478583,8049,0.5394442669901168,0.8377976190060616,0.6563045958025915,0.4884326199974427,2016,0.4290345821248373,0.6596510661683841,0.5199170099644413,0.35127562305926446,3611,0.46946815492649585,0.7900552485314857,0.588962061922244,0.417396380594431,905,0.0,0.0,0.0,0.0,2741,0.0,0.0,0.0,0.0,687,0.19675925921371312,0.026788528205900143,0.04715670567107424,0.02414772727204126,3173,0.25287356292773155,0.027672955971361893,0.049886603521944205,0.02558139534586263,795,0.09523809508692366,0.004457652302789179,0.00851666995151668,0.004276550249160616,1346,0.0,0.0,0.0,0.0,338
4,FaceSeg+,2025-07-04 04:43:41,4.001283056340047e-05,104.565682888031,0.27107418969620106,0.8848430593220427,0.7643673956452575,0.26525326125029897,0.886927307167528,0.7668926102974112,0.8255593618047291,0.7962247185058071,0.8106266893501695,0.6815578978795602,0.9100750418235276,0.9245728511821738,0.9172666139949824,0.8471768934109547,0.836706795328814,0.7885184246428654,0.811898160868123,0.6833574515423986,0.9076047485737164,0.9310314096150215,0.9191687857502628,0.8504277690524239,1.2382269945255546,0.5298097251585624,0.4118373355967917,0.268308508546118,1.1796578282269967,0.5543134359839696,0.4320512126321608,0.2832383401953618,0.538607402908536,0.8827697662744559,0.6690219992789926,0.5026544913958897,8044,0.5589388001037402,0.9196428570972399,0.6952934087905652,0.5329117562364786,2016,0.5269671222658484,0.7903047091193822,0.6323137817714509,0.4623237724767084,3610,0.5596125185872122,0.8298342540519521,0.6684467698111882,0.5020053475600263,905,0.0,0.0,0.0,0.0,2740,0.0,0.0,0.0,0.0,687,0.22875816985988293,0.022040302266308556,0.040206761680146245,0.02051582649412322,3176,0.2804878045359905,0.028930817606423798,0.05245152237505568,0.02693208430597985,795,0.0,0.0,0.0,0.0,1350,0.0,0.0,0.0,0.0,338
5,FaceSeg+,2025-07-04 04:45:23,4.002280981145207e-05,102.09112787246704,0.2665629211899846,0.8857580027670992,0.7656595062082012,0.2650719943289967,0.8867000860645912,0.7692875947808995,0.829134574505302,0.7946380230356574,0.811519814458248,0.6828215635681174,0.9096367823662758,0.9266002533972111,0.9180401121661872,0.848497448848285,0.8180004140977584,0.8152926619912423,0.8166442435235632,0.690108890381717,0.9173419757255423,0.9187028917671486,0.9180218793762198,0.848466299180082,1.169235298799914,0.5522198731501057,0.43212757559914455,0.28621171424461495,1.0917424135031113,0.5728749209027632,0.4481700310282664,0.2949949961190007,0.5502056074725218,0.914957105546252,0.6871789614031452,0.5234369443024153,8043,0.575321952663213,0.9528769840797183,0.7174602704854277,0.5594059405777693,2016,0.5710440299832524,0.8229426433687187,0.6742337768160276,0.5085616438269082,3609,0.5856269112702119,0.8464088396854798,0.692272884266147,0.5293711126102715,905,0.0,0.0,0.0,0.0,2744,0.0,0.0,0.0,0.0,687,0.3482142856106505,0.03688524590047651,0.06670465770329616,0.034503096430713566,3172,0.30851063796966954,0.03647798741679523,0.0652418258434286,0.033720930228637105,795,0.24999999687500005,0.0014792899407189873,0.002941175300605987,0.0014727540499651873,1352,0.0,0.0,0.0,0.0,338
6,FaceSeg+,2025-07-04 04:47:06,4.003564017161353e-05,101.93477368354797,0.2639769589485124,0.8859915082096802,0.7659461199820385,0.25919507841499667,0.8877868201757277,0.7692011921632468,0.8305014901736715,0.7936709935606584,0.8116685990896683,0.683032260677634,0.9093020403842877,0.9273805392831568,0.9182522663474352,0.848859979286443,0.8330160429320701,0.7972143329234966,0.8147220148514724,0.6873679502931817,0.910834627267381,0.9283788699400932,0.9195230214138183,0.8510344340333119,1.1121987755908522,0.5660676532769556,0.4431001664122299,0.2925737215375269,1.0799316098684502,0.5688673275680236,0.45273294703976585,0.2898358452208162,0.5680199969658535,0.9323635459289772,0.7059542951399295,0.5455405208748324,8043,0.6557080924618602,0.9002976190029613,0.7587792154177732,0.6113169417106327,2016,0.5782389231523979,0.8560752836740638,0.6902476644248747,0.5270063043018061,3613,0.45962059618105033,0.9370165744820976,0.6167272285244064,0.44584647736877775,905,0.0,0.0,0.0,0.0,2740,0.0,0.0,0.0,0.0,687,0.32240437149661083,0.0371770636409207,0.06666664812283064,0.03448275861968198,3174,0.2656249997924805,0.042767295592104744,0.07367278216190151,0.038245219343279506,795,0.0,0.0,0.0,0.0,1350,0.0,0.0,0.0,0.0,338
7,FaceSeg+,2025-07-04 04:48:49,4.005132156767108e-05,103.32556247711182,0.2624087203727212,0.8860763041716045,0.7661263250027752,0.2582173279017694,0.8868798765042893,0.7681279299001408,0.830425442538316,0.7941099363997628,0.8118617339030522,0.6833058417462293,0.9094747161743437,0.9273045942608297,0.9183030666406724,0.8489468082593211,0.8278748880986266,0.801017659216572,0.8142248122759463,0.6866604268797689,0.912099695021372,0.9253609153137423,0.9186824010930064,0.8495954329205126,1.0776964460694514,0.5717758985200846,0.4495707721446685,0.2972135310368306,1.072363640482077,0.5703438093229276,0.45387869229454364,0.2922658231677046,0.5807299721575879,0.9337311948161914,0.7160905367382582,0.5577422948343279,8043,0.6518598771884486,0.8953373015428899,0.7544409125441977,0.6057046979662516,2016,0.5684759165965407,0.875449764714214,0.6893319779613135,0.5259394745506163,3613,0.46670276120916604,0.9524861877400568,0.626453444184914,0.4560846560605246,905,0.0,0.0,0.0,0.0,2742,0.0,0.0,0.0,0.0,687,0.3419811319948158,0.04571248423563328,0.0806451404845816,0.04201680672147155,3172,0.2959999997632,0.04654088049729046,0.08043475910941139,0.04190260475176641,795,0.0,0.0,0.0,0.0,1350,0.0,0.0,0.0,0.0,338
8,FaceSeg+,2025-07-04 04:50:31,4.00698539064758e-05,101.77297496795654,0.260629347590513,0.8861899789241605,0.7660598272221335,0.25724621542368575,0.88769037857812,0.7671937545671292,0.8324054962992221,0.7917293540682805,0.811558012169795,0.6828756511224366,0.908632119972438,0.9285374661301388,0.9184769079371328,0.8492440033218303,0.8452872197914625,0.7798270714806648,0.8112387173607019,0.6824236397944194,0.9046345175956209,0.9360316890828849,0.9200652746620929,0.8519638693398389,1.0552552280037901,0.5757928118393235,0.4543882274796186,0.3006823051864681,1.0098983294172796,0.5844758489770091,0.465993861935288,0.3033314406863118,0.5894439651745789,0.934012675519647,0.7227617565704401,0.5658786327317732,8047,0.642301184411428,0.9414682539215541,0.7636290002345477,0.6176374877768422,2016,0.5675485008718245,0.8909191583363534,0.6933849987692614,0.5306728232102462,3612,0.5018292682620835,0.9093922650928848,0.6467583038247992,0.47793263644146733,905,0.0,0.0,0.0,0.0,2743,0.0,0.0,0.0,0.0,687,0.3206412825008735,0.05050505050345628,0.08726477059263932,0.04562303963371477,3168,0.342465753190092,0.06289308175309521,0.10626989937221207,0.05611672277709128,795,0.0,0.0,0.0,0.0,1350,0.0,0.0,0.0,0.0,338
9,FaceSeg+,2025-07-04 04:52:11,4.009123707794367e-05,100.018878698349,0.25868295808864195,0.8866875073874475,0.7669986447807443,0.25552654169551736,0.8880358689748091,0.7706586701417925,0.8329062840226028,0.7930194789862218,0.8124735849611977,0.6841731340288754,0.9091606138102596,0.9286789791219304,0.9188161012499494,0.8498241555326133,0.826715505775794,0.8074603230465023,0.8169744243416338,0.6905805974687139,0.9146005526034304,0.9241475698824396,0.9193492265720917,0.850736742814871,1.0371368749197138,0.5837209302325581,0.46630083339553247,0.3114364946031533,1.0328857895946282,0.57646066230753,0.46482165839107215,0.30575844317144185,0.6025712688604761,0.9377407729472134,0.7336897919325162,0.5793918918874432,8047,0.6419536190919904,0.9062499999550471,0.7515425264981982,0.6019769357297536,2016,0.5653685674449692,0.8998339789457711,0.6944266021741908,0.5318940137302601,3614,0.4915155061151834,0.9281767954775496,0.642693145193561,0.47350620064974597,905,0.0,0.0,0.0,0.0,2741,0.0,0.0,0.0,0.0,687,0.38139534877807824,0.07767603409922084,0.12906607890905955,0.06898485698067906,3167,0.35483870948664586,0.08301886791408568,0.13455654416545013,0.07213114753310042,795,0.0,0.0,0.0,0.0,1351,0.0,0.0,0.0,0.0,338
10,FaceSeg+,2025-07-04 04:53:54,4.011547095505671e-05,101.56587815284729,0.25819702775672426,0.8864802201252912,0.7667585286203051,0.2564606015892427,0.8877853654251147,0.7686234903011411,0.8316912792475507,0.7939220114261433,0.8123678324674158,0.6840231671316938,0.9094588023191474,0.9279739348164414,0.9186230334897079,0.8494938901089165,0.8368736500136137,0.7917289719509526,0.8136755583692747,0.6858795233789458,0.9088621474663334,0.9308351482275917,0.9197173771463262,0.8513674572233364,1.0206529082253921,0.587262156448203,0.471810250282734,0.3169453574031359,1.107442984171644,0.5471419531744358,0.4542599416535923,0.2831158295116045,0.6038816417387537,0.9432227605796594,0.736336696494177,0.5827001304736917,8049,0.7520035618543187,0.8377976190060616,0.7925855906527679,0.6564321803087279,2016,0.579258463181457,0.8953488371845142,0.7034257271597708,0.5425264217322173,3612,0.3858477970455787,0.9580110496178994,0.5501268625820355,0.3794310721934604,905,0.0,0.0,0.0,0.0,2740,0.0,0.0,0.0,0.0,687,0.37254901955914393,0.08999052731007293,0.14496436336173138,0.07814642171433654,3167,0.1532258063898283,0.04779874213235236,0.07286669432321914,0.037810945269869556,795,0.0,0.0,0.0,0.0,1352,0.0,0.0,0.0,0.0,338
11,FaceSeg+,2025-07-04 04:55:36,4.014255539386302e-05,102.59725022315979,0.2570220954542936,0.8867833998440184,0.7674568117153491,0.2547446592363017,0.8878594354043352,0.7707089236748518,0.831200877101656,0.7958763578341399,0.8131551125347246,0.6851402448121591,0.9101973080732998,0.9275392859191882,0.9187864223810581,0.8497733786185392,0.8240293199574328,0.8107838435315562,0.8173528734308337,0.691121586159416,0.9158051569028859,0.9224025550186272,0.9190919668037241,0.8502962611902876,1.00557765087416,0.5881606765327696,0.47344081966353035,0.31759228124773115,1.0028242489577999,0.5899599240666527,0.4748249768977764,0.32262906998168267,0.6123604594676236,0.9416594103627111,0.7421204365278231,0.5899773984834387,8039,0.5836820083507567,0.9687499999519469,0.7284594830751776,0.5728952771905869,2016,0.5709040041865553,0.9036811513727185,0.6997427729343838,0.5381572440985964,3613,0.628289473632542,0.8441988949343427,0.7204148496397944,0.5630066322355927,905,0.0,0.0,0.0,0.0,2743,0.0,0.0,0.0,0.0,687,0.3492252681347765,0.09237074400717621,0.14609819677644895,0.07880580957292077,3172,0.4469273740519959,0.10062893080495235,0.1642710171934414,0.08948545860296583,795,0.0,0.0,0.0,0.0,1353,0.0,0.0,0.0,0.0,338
12,FaceSeg+,2025-07-04 04:57:20,4.017249023347848e-05,102.1934642791748,0.25673105394424395,0.8866952908215513,0.766972565814001,0.2534831302486827,0.8885572876414275,0.7718065450543031,0.8331887003869947,0.7926494489516442,0.8124136143348052,0.6840880868062502,0.909028256251228,0.9288564092457,0.918835324015647,0.8498570448217516,0.8261445561745846,0.8104491567248598,0.8182215447806584,0.6923646524248402,0.9157658405620875,0.9235631623099382,0.9196479241526858,0.851248437683766,0.9972050079079562,0.5906448202959831,0.4803723227538701,0.32485400829992706,0.9636456966400146,0.5975532588061591,0.4859710145295465,0.3298294072899347,0.6164517708453039,0.9387349322612311,0.7441997452535489,0.5926100258837953,8047,0.621014964195803,0.9469246031276327,0.7500981839579004,0.6001257466016936,2016,0.5729424231619049,0.8978688070606735,0.6995147772229666,0.5378875808234475,3613,0.5695501729709653,0.9093922650928848,0.7004254844953948,0.5389652913857914,905,0.0,0.0,0.0,0.0,2741,0.0,0.0,0.0,0.0,687,0.3754980079307273,0.11885245901264652,0.18055551902311975,0.09923664121876187,3172,0.4549549547500203,0.12704402514125232,0.19862336799637825,0.11026200872158712,795,0.0,0.0,0.0,0.0,1347,0.0,0.0,0.0,0.0,338
13,FaceSeg+,2025-07-04 04:59:03,4.020527529608733e-05,101.85241746902466,0.2556165073846662,0.8869313326748934,0.767452216901894,0.25522427423370964,0.8878240772400997,0.7707685449286155,0.8332126385111127,0.7935726567738393,0.8129096426821365,0.684791786792379,0.9093892216876873,0.9287849186186646,0.9189846922423667,0.8501126470114091,0.8231704424016404,0.8119458043240919,0.8175195462879536,0.6913599529578704,0.9162313093584719,0.921830592062456,0.9190223721715014,0.8501771368993604,0.9748388840708622,0.5987315010570825,0.48984713513085765,0.33318376811860806,0.9510878128131415,0.5998734444210082,0.4911656550609101,0.3321009108619334,0.62630014858324,0.9424844720379816,0.7525292120910518,0.6032440168513695,8050,0.6351351351142013,0.9558531745557612,0.7631682688332704,0.6170349023177383,2016,0.5825704225249547,0.9161129567852683,0.7122255228443802,0.5530670232232481,3612,0.5718329794358221,0.8928176794593572,0.6971526702015097,0.5350993377129073,905,0.0,0.0,0.0,0.0,2738,0.0,0.0,0.0,0.0,687,0.38365896977054537,0.13632060586505773,0.20116410565760806,0.1118301837920831,3169,0.370748299193623,0.13710691822174756,0.20018361527488698,0.11122448978456893,795,0.0,0.0,0.0,0.0,1351,0.0,0.0,0.0,0.0,338
14,FaceSeg+,2025-07-04 05:00:48,4.024091038694268e-05,105.29540133476257,0.2553995265517124,0.8869028982602013,0.7673572574255203,0.2519233205340578,0.8887205769607875,0.770994678289924,0.8335149967453319,0.7930559141756495,0.8127822188945861,0.6846109585018484,0.9091924848327908,0.9289793709959687,0.9189793805698896,0.8501035563491921,0.8337790560051268,0.7998889882279091,0.8164824513079654,0.6898778447922705,0.9119203614335283,0.9285324048114556,0.9201513624480886,0.8521115117875773,0.9665801573631375,0.5989957716701902,0.4913667719260019,0.3344078967084812,0.9427578909767753,0.6045138156507066,0.5009986872944852,0.34193788162837235,0.6297463107226848,0.9444237224798654,0.7556328791230512,0.6072427851898053,8043,0.649931693966874,0.9439484126515898,0.7698219581427389,0.6257809930737988,2016,0.5807821624388465,0.9083863824824693,0.7085491752024438,0.5486459378042687,3613,0.5584239130055418,0.9082872927173163,0.69162805543718,0.5286173633100567,905,0.0,0.0,0.0,0.0,2742,0.0,0.0,0.0,0.0,687,0.3769676884526124,0.1434878587151218,0.20785742921691117,0.11598266632383425,3171,0.4134897359491232,0.1773584905437285,0.24823939456194302,0.14170854269932578,795,0.0,0.0,0.0,0.0,1351,0.0,0.0,0.0,0.0,338
15,FaceSeg+,2025-07-04 05:02:31,4.02793952943688e-05,103.56349468231201,0.25486353091722314,0.8871064797012297,0.7676295922735242,0.25213177865176634,0.8887150379656438,0.7714907682174938,0.834477168747368,0.7925104171099682,0.8129524947501187,0.6848526072809212,0.909022264602086,0.9295191591246729,0.9191564075265483,0.8504065772661272,0.8303761051627369,0.8048072785551006,0.8173917361906584,0.6911771596250369,0.9137108881047835,0.9263201435439414,0.9199722618480859,0.8518043768099509,0.954796994841376,0.602061310782241,0.49747778940506693,0.3402136343394841,0.9371524179341345,0.6131617802151444,0.5141933114020316,0.36058496186053646,0.6370656370602898,0.9437950758400424,0.7606734335343519,0.6137797185782485,8042,0.6280209013511424,0.9538690475717326,0.757384749255935,0.6095087163039775,2016,0.5829476681989507,0.9066998892329264,0.7096424225521971,0.5499580184626371,3612,0.6176012460578192,0.8762430938258295,0.7245317010900291,0.5680515758905407,905,0.0,0.0,0.0,0.0,2742,0.0,0.0,0.0,0.0,687,0.37896253599575197,0.16587827183330564,0.23075231561087148,0.1304240019804011,3171,0.483544303675052,0.2402515722968237,0.32100835895671825,0.19119119117205294,795,0.0,0.0,0.0,0.0,1353,0.0,0.0,0.0,0.0,338
16,FaceSeg+,2025-07-04 05:04:14,4.032072978976155e-05,102.74369740486145,0.25440381380707716,0.887128678335952,0.7678306778695121,0.2507979470864803,0.888897287320095,0.7716298430906934,0.8333736880429,0.7941380470877712,0.813282876143983,0.6853216693448186,0.9096181869938996,0.9288170769441877,0.9191173343937021,0.8503396863942054,0.8319344503867512,0.8032701756803092,0.8173510282397034,0.691118947622378,0.9131719842473026,0.9272729583688708,0.920168402452168,0.8521407385590087,0.9491540748019551,0.6066596194503171,0.5047615944937384,0.3484187093529001,1.1062846377388231,0.5612739928285172,0.4793039886053532,0.3158494429764188,0.6374716314983822,0.9425801640449593,0.7605675695672374,0.6136418804060713,8046,0.7341269840946153,0.8258928571018902,0.7773108745064725,0.6357388315908462,2016,0.5986866107150914,0.9088895042672698,0.7218739210881725,0.5647909137744831,3611,0.4531737772917183,0.9624309391201734,0.6162008761301089,0.44529652349461674,905,0.0,0.0,0.0,0.0,2738,0.0,0.0,0.0,0.0,687,0.39714471120070444,0.19287740308248102,0.2596520561090907,0.14919551437959055,3173,0.22686025404231214,0.15723270438273804,0.18573546424551243,0.10237510236671783,795,0.0,0.0,0.0,0.0,1352,0.0,0.0,0.0,0.0,338
17,FaceSeg+,2025-07-04 05:05:57,4.0364913627589905e-05,102.49397730827332,0.2538431569240814,0.8872706600777946,0.7679412993934804,0.2521093761561365,0.8890237411952828,0.7713989266621466,0.8346711048456039,0.7929146232774261,0.8132571729534346,0.6852851676265614,0.9091838976304942,0.9295781530164505,0.9192678759613304,0.8505974311603993,0.8352327965044257,0.7990292148240434,0.8167299492046854,0.6902313069834071,0.91164689625573,0.9293567650947879,0.9204165990311821,0.8525665463408862,0.9437888756740925,0.6091437632135307,0.5073663723514885,0.3509717176673592,0.9437522463621507,0.6005062223159671,0.504371007426895,0.3374628937833279,0.6392517064073544,0.9428287347633255,0.7619142791571962,0.6153970958009621,8046,0.7053030302763144,0.923611111065297,0.7998281295578805,0.6664280601049954,2016,0.5993119681224097,0.9158826784472639,0.724526602051829,0.5680453063228412,3614,0.5171358628814482,0.9337016573553921,0.6656163384728011,0.49881936242627983,905,0.12499999843750002,0.00036509675062558976,0.000728066401352482,0.0003641660597099721,2739,0.0,0.0,0.0,0.0,687,0.41261498026198323,0.1981072555142553,0.26768964072641827,0.15452755905131577,3170,0.29978586717349337,0.1761006289086666,0.22187000088595796,0.12477718358959204,795,0.0,0.0,0.0,0.0,1351,0.0,0.0,0.0,0.0,338
18,FaceSeg+,2025-07-04 05:07:38,4.041194654539747e-05,101.45257902145386,0.25331845290439076,0.887400894487635,0.768164176714034,0.2519356465948154,0.8889908451642751,0.771522590108187,0.8348025261605155,0.793170964874214,0.8134543813248404,0.6855652684102016,0.909313192782377,0.9296408222605396,0.9193646076491011,0.8507630850178665,0.833942225062438,0.8007450592980733,0.8170065088255665,0.6906264484269712,0.9122647714089492,0.9285401325919334,0.9203304532114467,0.852418731789403,0.9353875483191291,0.6128435517970402,0.5139425011411368,0.3575425141116615,0.9604651448068375,0.5956549251212824,0.512805881622094,0.3437000902778994,0.6441281138735457,0.9451697127819823,0.7661375179238067,0.6209262435626813,8043,0.7459526774285615,0.8913690475748328,0.8122033401881942,0.6837899543118802,2016,0.608381234922893,0.9078583286965175,0.7285444173501838,0.5730003492739609,3614,0.516737674953333,0.9381215468576661,0.6664049776901112,0.49970570921131807,905,0.35714285459183676,0.0018254837531279488,0.003632400004908568,0.001819505094548053,2739,0.0,0.0,0.0,0.0,687,0.41320864988818184,0.22267716534731727,0.2893982352794082,0.1691792294766887,3175,0.2583454281192532,0.22389937104101895,0.23989213351119157,0.13629402755464823,795,0.0,0.0,0.0,0.0,1349,0.0,0.0,0.0,0.0,338
19,FaceSeg+,2025-07-04 05:09:20,4.0461828263803996e-05,101.6061544418335,0.253207964432794,0.88728966985142,0.7679349236557117,0.25288688120045405,0.8889372382478808,0.7717422660872038,0.8349093149522571,0.7926200896306589,0.8132152371892263,0.6852256170424693,0.9090890327783807,0.9297332481421837,0.9192952055242494,0.8506442302689541,0.8317271110717929,0.8037337577788518,0.8174908104325769,0.6913188516300565,0.9133460668200132,0.9271230496815926,0.9201829438847553,0.8521656805443512,0.9314914671487586,0.6140063424947146,0.5178345213781445,0.36161073363678814,0.9486032398007033,0.6009280742459396,0.49622774519406987,0.33823813535868136,0.6493450903120508,0.9429388363880788,0.7690747298923555,0.6247940691876046,8044,0.6407669020975189,0.9449404761436041,0.7636800480208382,0.6177042801356127,2016,0.6070697674305662,0.9036278039074044,0.7262407709624875,0.5701555128329521,3611,0.5581555402231139,0.8961325965860627,0.6878710298262098,0.5242404653830485,905,0.32608695581285446,0.005478451424197281,0.010775858818196492,0.005417118092978797,2738,0.0,0.0,0.0,0.0,687,0.41474147412460166,0.23740554155423788,0.301962308510901,0.17783018867505118,3176,0.4222222220881834,0.16729559746323328,0.23963959894635867,0.13613101329210534,795,0.0,0.0,0.0,0.0,1351,0.0,0.0,0.0,0.0,338
20,FaceSeg+,2025-07-04 05:11:01,4.0514558486507216e-05,101.4254822731018,0.2531651313914809,0.8873232101537208,0.7679062039066609,0.2501067823434374,0.8887656903221647,0.7694986468122127,0.835646493415371,0.7917563934917736,0.8131095483829932,0.6850755530703884,0.9087727029808056,0.9301750696742629,0.9193492919326434,0.8507368547429335,0.8446209007227026,0.7849768928617833,0.8137073481815401,0.6859247008885384,0.9065889667433549,0.9352809198284813,0.9207114170965478,0.8530725927358869,0.9162734289501988,0.6183932346723044,0.5242415841022601,0.368328201861188,0.981965537137609,0.612107150390213,0.5113751425278655,0.36122238588021843,0.6521441410540773,0.9472833519713132,0.7724829690322246,0.6293053605300296,8043,0.6047381545946154,0.9623015872538541,0.7427258331261213,0.5907429963279311,2016,0.6185410334229001,0.9006915629073114,0.7334158769248661,0.5790503289955709,3615,0.651919866389656,0.8629834253190074,0.7427484054886186,0.5907715582003955,905,0.387499999515625,0.011305616338026783,0.021970228366119365,0.011107130060512106,2742,0.0,0.0,0.0,0.0,687,0.419440042238804,0.2506313131234018,0.31377193498272976,0.18607921255715776,3168,0.5419161675024202,0.22767295594620468,0.3206376907863523,0.19092827002205398,795,0.0,0.0,0.0,0.0,1352,0.0,0.0,0.0,0.0,338
21,FaceSeg+,2025-07-04 05:12:42,4.057013690028416e-05,100.822194814682,0.2526033087525257,0.8874001815505562,0.7680664833074857,0.2499974217879523,0.888971766045616,0.7695846210341051,0.8354030585616494,0.7922947681222983,0.8132780188768772,0.6853147712944637,0.909004578441863,0.9300294596148622,0.9193967848460298,0.8508181953205078,0.8469633966348332,0.7826523056886308,0.8135388160387405,0.6856852218928523,0.9057966264619348,0.9366211677200184,0.9209509923592238,0.8534840201753577,0.9046598818413046,0.6218816067653277,0.5316650789970442,0.3770588645311985,0.9738432198002278,0.5941784433663784,0.5032228001590862,0.33519735716809157,0.6548481711468698,0.9428642404553116,0.7728961487355236,0.6298539661414715,8051,0.7290836653095983,0.9077380951930685,0.8086610199368572,0.6787833827641401,2016,0.6285051247219395,0.9002770082853109,0.7402345489895163,0.5875971795229146,3610,0.47952888387663883,0.9447513811110773,0.6361606695729672,0.46644844514640216,905,0.42399999966080004,0.019328956965013532,0.03697243672221849,0.01883439943074505,2742,0.7222222182098765,0.01892285298123394,0.03687942763764463,0.0187861271649153,687,0.4291338582465977,0.27499211604304663,0.33519118820873434,0.20133918263215564,3171,0.2767441859821525,0.1496855345723666,0.1942856686929886,0.10759493669913246,795,0.0,0.0,0.0,0.0,1346,0.0,0.0,0.0,0.0,338
22,FaceSeg+,2025-07-04 05:14:22,4.0628563174993746e-05,99.61961960792542,0.2524207528940467,0.8874513614001284,0.7681596035377074,0.24945944049795377,0.8894983117426027,0.7718829703990955,0.8355866746511671,0.7922958147259407,0.8133655700810775,0.6854391156921045,0.9089977503873774,0.9301105665434466,0.9194329217528923,0.8508800913833104,0.838548146864045,0.796244155096665,0.8168487447174747,0.6904010163821936,0.9107013724227283,0.9312922105538844,0.9208816535217048,0.8533649244159973,0.8991768304691758,0.6289640591966174,0.5422245230714067,0.38872614839943126,0.9002826934347573,0.6167475216199114,0.5362462991708609,0.37438073409228834,0.6618108862468439,0.9436567164061734,0.7779942091211679,0.6366535201759113,8040,0.7165898617236333,0.9255952380493256,0.8077921585671588,0.6775599128294277,2016,0.6365749709291636,0.9087389380279663,0.7486898581185384,0.5983248361143787,3616,0.5668485674920294,0.918232044097433,0.700970007569252,0.5396103895753499,905,0.4210526313774868,0.032093362507947,0.059640786563368554,0.030736989171123403,2742,0.5245901630744424,0.04657933041534508,0.08556148232327465,0.0446927374239256,687,0.45035971220861587,0.29612109743626236,0.35730588819408166,0.21751216121803307,3171,0.31967213109513576,0.24528301883707132,0.2775800220017564,0.16115702478006966,795,0.0,0.0,0.0,0.0,1351,0.0,0.0,0.0,0.0,338
23,FaceSeg+,2025-07-04 05:16:10,4.06898369635782e-05,107.33873343467712,0.25209542675766833,0.8875990272828439,0.7684257179325039,0.25090123090694233,0.8887616157330583,0.772981370574612,0.8358957116139265,0.792488318112582,0.8136134153133742,0.6857912168300054,0.9090768834554455,0.9302429302744779,0.9195380723035618,0.8510602190350024,0.8211546949946472,0.8189142723383415,0.8200329033975048,0.6949625887930354,0.9189415701772585,0.9200652370092557,0.9195030103027739,0.8510001523561885,0.8954081202662268,0.6271670190274842,0.5441166852744923,0.3897847011588131,0.903692783169846,0.6291921535541025,0.5426390829881909,0.3884718329017125,0.6690221711803813,0.9413373104531279,0.7821551638965297,0.6422453998080027,8046,0.6649323620997248,0.9508928570956898,0.7826086471862327,0.6428571428355849,2016,0.6389496717597185,0.8887659103240519,0.7434324244131724,0.5916375022915521,3614,0.6167300379759141,0.8961325965860627,0.7306305822702328,0.5755855216057072,905,0.38132295705006886,0.03580562659715727,0.06546424615865373,0.03383977900435636,2737,0.3939393933425161,0.03784570596246788,0.06905708890194352,0.035763411274310396,687,0.4241900647764929,0.3094862905669875,0.35787167132570985,0.21793164668846135,3173,0.48008385734170145,0.28805031442917606,0.3600628461501535,0.21955896450435675,795,0.0,0.0,0.0,0.0,1350,0.0,0.0,0.0,0.0,338
24,FaceSeg+,2025-07-04 05:17:52,4.075395790206489e-05,100.42579770088196,0.25195458548706634,0.8875779101510884,0.7684538469751518,0.2494806309172283,0.8893006008351761,0.7723114878747237,0.8353986292345353,0.793096631833626,0.8136981595695276,0.6859116424475575,0.9092946964375331,0.9299383418478572,0.91950061648461,0.8509960515027463,0.8328876349760143,0.8035181488398042,0.8179392866602699,0.6919605414514461,0.9133123153467548,0.9277458910766635,0.9204724748546811,0.8526624342980013,0.8872331304605617,0.6329809725158563,0.5530048694723576,0.4003504675469175,0.8943091272754625,0.6448006749630879,0.5666346464770606,0.41905617765592823,0.6718791648096678,0.9399627097459297,0.7836268943802017,0.6442324075596845,8045,0.6518619746958708,0.9464285713816255,0.7720007608922773,0.6286655683483142,2016,0.650240384602359,0.8981737686525132,0.7543573763166955,0.6055970149140747,3614,0.6934369602164562,0.8872928175815147,0.7784778954171925,0.6373015872510077,905,0.37119113563124895,0.04888726741886584,0.08639585305774389,0.045148247976915495,2741,0.25225225202499796,0.04075691411342695,0.07017541462899919,0.03636363635891381,687,0.4472318338906907,0.32638888887858625,0.3773722139799467,0.23256860098442267,3168,0.5834862384250484,0.39999999994968555,0.47462681734117224,0.31115459879538604,795,0.0,0.0,0.0,0.0,1352,0.0,0.0,0.0,0.0,338
25,FaceSeg+,2025-07-04 05:19:33,4.082092560956914e-05,100.85875725746155,0.2519612766282503,0.8874614126838539,0.7682293808627227,0.24893340316283455,0.8895293668060206,0.7715153316621833,0.8353633607132207,0.7927069376628968,0.8134762872259799,0.6855963877418686,0.909132573769502,0.9299482857320042,0.9194225780133534,0.8508623739835769,0.8415128821077473,0.7922461754892854,0.8161366494868234,0.6893842380756555,0.9092711404938483,0.9331289660106669,0.9210455319717042,0.8536464252487111,0.8866185975629229,0.6363107822410148,0.5615498834997253,0.41032894640718,0.8958624911142336,0.6414258595233073,0.5674879275509439,0.42174471647626655,0.677898909805587,0.9354718388544638,0.7861247031207392,0.6476157686293026,8043,0.6541379310119263,0.940972222175547,0.7717656147261492,0.6283537595022076,2016,0.6577441765292655,0.8902101769665318,0.7565216902403038,0.6083916083801097,3616,0.6844827585616825,0.877348066201398,0.7690072146104892,0.6247049566778359,905,0.3640081798846609,0.06503470953361218,0.11035335306960979,0.058398950129317624,2737,0.3656716415181555,0.07132459969849715,0.11936659872144902,0.06347150258245188,687,0.4585726004733974,0.352570167128585,0.3986449856052471,0.24894232909710662,3171,0.5502742229341364,0.3786163521536332,0.4485841543232455,0.2891450528060379,795,0.0,0.0,0.0,0.0,1353,0.0,0.0,0.0,0.0,338
26,FaceSeg+,2025-07-04 05:21:31,4.0890739688296315e-05,118.26138496398926,0.25171375517235245,0.8876024588974031,0.7684980073153884,0.24879652489918844,0.8894659049197657,0.7726682717715793,0.8354039232457535,0.7931698329688754,0.8137391960872195,0.6859699634725934,0.9093286742693658,0.9299386273975037,0.919518128181783,0.8510260511581833,0.8327574296623166,0.804375270291159,0.8183202762666935,0.6925060525547647,0.9136455156531076,0.9276011420112121,0.9205703908891868,0.8528304909883938,0.8743606833524482,0.6415433403805497,0.5707500129032853,0.4206588394800441,0.9401131577945364,0.6344653026787598,0.5874591406801418,0.43312754540820564,0.6844206514773212,0.9372514910420322,0.791126911194477,0.6544334547921704,8048,0.7982695810201152,0.8695436507505186,0.8323836157687917,0.7128914192471374,2016,0.6670820352924801,0.8899972291246884,0.7625830469231009,0.6162701458055205,3609,0.5669344042458544,0.9359116021065291,0.7061275061022574,0.5457474226452482,905,0.41891891884815563,0.09057706354672838,0.1489489197054409,0.08046722906942028,2738,0.5733333330785185,0.18777292573685986,0.28289469961118335,0.16475095783336516,687,0.45545746386615343,0.3575929426478389,0.4006353195772019,0.2504965791160782,3174,0.33777239705353845,0.35094339618227127,0.34423190555879557,0.20789865870283913,795,0.0,0.0,0.0,0.0,1351,0.0,0.0,0.0,0.0,338
27,FaceSeg+,2025-07-04 05:23:14,4.096339972354363e-05,102.66476154327393,0.2514755739722141,0.8876876484264027,0.7687547816322642,0.24982638753898737,0.8888807958551812,0.7727710209229028,0.8348534817278951,0.7942954189376221,0.8140695488868142,0.6864396073078267,0.9097433919040501,0.9295576732612307,0.9195437557036694,0.8510699559567017,0.8241231815393829,0.8148370981491151,0.8194537831239066,0.6941311200811265,0.9174321397713427,0.9220651054971605,0.919742738330804,0.851410921764679,0.8761957537296207,0.6451374207188161,0.5776153505280716,0.42844217456614586,0.8825093634997055,0.6561906770723476,0.6041827960922103,0.45788224474206995,0.6894443937534034,0.9395747855161063,0.7953062024859738,0.6601729710783596,8043,0.7290757635569586,0.9117063491611257,0.8102269728451554,0.680992960330456,2016,0.6693310895946712,0.8811963444785047,0.7607889527085343,0.6139301562683016,3611,0.6638513512952828,0.8685082871968499,0.7525131150132218,0.6032233307288393,905,0.41689750686746574,0.1097338680237064,0.1737373407370323,0.09513274335982513,2743,0.4271186439230106,0.18340611351042124,0.25661910251804027,0.14719626166504718,687,0.46959323397222746,0.3675914249568855,0.4123783768991891,0.25974604588416694,3172,0.487179487113741,0.45408805025734744,0.47005203333393214,0.3072340425270439,795,0.0,0.0,0.0,0.0,1351,0.0,0.0,0.0,0.0,338
28,FaceSeg+,2025-07-04 05:24:58,4.1038905283703546e-05,104.06093096733093,0.25131875120623165,0.8875941883433949,0.7684091196517165,0.24849318510695012,0.889108419267469,0.7721994674866777,0.8358520716473753,0.7924850011396214,0.8135909945705991,0.685759358767098,0.9090865630403563,0.930231195802579,0.9195372910227374,0.851058880536335,0.8310029071946038,0.8054852320148523,0.8180450717201762,0.6921119720662733,0.9140073690388046,0.9265859875820064,0.9202536471610713,0.8522869629070822,0.8614477695420731,0.6539640591966174,0.5914186444355783,0.44460387067679275,0.9157420402336564,0.6452225268930606,0.5759107824338228,0.4333009068208491,0.6971131532470332,0.9341957954853316,0.7984264873010504,0.664484162089325,8039,0.6426666666452445,0.9563492063017683,0.7687399837914556,0.624352331585999,2016,0.6858426004985919,0.8871369294360405,0.7736098892876755,0.6308025176901888,3615,0.7387127761057912,0.8497237568121853,0.7903391074086173,0.6533559897490776,905,0.45919610225831964,0.13774205333804376,0.21191677168251705,0.1185161898736713,2737,0.3796791441819898,0.10334788935904689,0.1624713622077475,0.0884184308731733,687,0.4826415094157494,0.402707808551552,0.4390662051127211,0.2812843633102863,3176,0.5672514618777288,0.36603773580301413,0.4449540806964252,0.286135693187204,795,0.0,0.0,0.0,0.0,1353,0.0,0.0,0.0,0.0,338
29,FaceSeg+,2025-07-04 05:26:41,4.111725592026525e-05,103.0572566986084,0.25122107357479806,0.8875661031388329,0.7683347181166397,0.24949698478605797,0.8884542803552125,0.7698304823642612,0.8359181888205778,0.7922542400832429,0.8135006796874025,0.6856310408117288,0.9090064587239729,0.9302906066004198,0.9195253337335303,0.8510383954215506,0.837969835790653,0.7928743138410863,0.8147985421931873,0.6874769020367898,0.9093582148323056,0.931290541949897,0.9201936606184269,0.8521840626917325,0.8575972609741743,0.6561310782241014,0.5969773419937172,0.4511008986365653,0.8828697602876101,0.6614638261970048,0.6044320665182692,0.4634999722429364,0.7020301244204131,0.9324055665888121,0.8009819651813229,0.6680316923291371,8048,0.6742209631489299,0.944444444397597,0.7867768108651079,0.6485013623757323,2016,0.6912462268070021,0.8883347187340446,0.7774947973704474,0.6359849236136484,3609,0.7545454544692378,0.825414364549678,0.7883904513366549,0.6506968640548173,905,0.4488188975936202,0.16654492329559734,0.24294082358722105,0.13826561552036795,2738,0.4076923075355029,0.15429403200083058,0.22386479644339694,0.12604042804684418,687,0.48428405120355905,0.39331862589368677,0.4340869070438348,0.2772101288254729,3173,0.5682158919687833,0.4767295596884617,0.5184678025695224,0.3499538319159784,795,0.0,0.0,0.0,0.0,1352,0.0,0.0,0.0,0.0,338
30,FaceSeg+,2025-07-04 05:28:24,4.119845116781816e-05,102.93182802200317,0.2509295171083406,0.8877221895826796,0.768836668681613,0.24745623221115282,0.8895319737706148,0.771263917036805,0.834842246577055,0.7944837503379262,0.814163107381552,0.6865726616589612,0.9098071866943647,0.9295277207262673,0.9195616863013272,0.8511006757042648,0.8432884792080635,0.7898217709035832,0.8156798467233621,0.6887326275861794,0.9084066602200531,0.9342192915155939,0.9211321263144463,0.8537952064874307,0.8435595936553423,0.6668076109936575,0.6109304337564653,0.46545143041208226,0.8852665356582943,0.6772832735709766,0.63425312027866,0.49170494577651985,0.7145299145231289,0.9354718388544638,0.8102083178721252,0.6809666033063537,8043,0.7636971977932373,0.90575396820904,0.8286815931653618,0.7074777217858397,2016,0.7043803653818098,0.8854454897375361,0.7846021328041305,0.6455517449940377,3614,0.6653027822696151,0.8983425413371997,0.7644569327030272,0.6187214611401277,905,0.4643510054420154,0.1851311953285302,0.2647211681904042,0.1525525525479714,2744,0.5676392571438622,0.3114992721526202,0.4022555932664773,0.2517647058527336,687,0.5027243007445433,0.4372827803969263,0.46772553319375126,0.3052492280479654,3165,0.47669773628805623,0.45031446535216174,0.4631306097477331,0.30134680132143543,795,0.0,0.0,0.0,0.0,1354,0.0,0.0,0.0,0.0,338
31,FaceSeg+,2025-07-04 05:30:08,4.128249054405483e-05,104.35972356796265,0.25095814639745756,0.8877020539491424,0.7686908271201376,0.24933028349052172,0.8886363011979523,0.7690648989405235,0.8354401309272252,0.7935006305666631,0.813930433402583,0.6862418028259287,0.9094648957568859,0.9299320475306432,0.9195845516385776,0.8511398514143464,0.8457844568400573,0.7829018908192599,0.8131291955394611,0.6851034473281343,0.9058401922352559,0.9360234998728129,0.9206844835046926,0.8530263505529128,0.8306864701038184,0.6719344608879493,0.6204450266444744,0.4770876634056832,0.8902583629791808,0.6722210504113056,0.6320682935229749,0.4910134062915169,0.7199156198991282,0.9334825313821524,0.8129059707474704,0.6847865742367312,8043,0.7668238319431281,0.8874007936067757,0.8227178164039506,0.6988281249727021,2016,0.7142216240306366,0.881262109026259,0.7889975964212147,0.6515244526160933,3613,0.6661197702488827,0.8972375689616312,0.7645950545989104,0.6189024389772178,905,0.49223602480650336,0.2314713398966239,0.3148745529496175,0.18685529029805908,2739,0.5358851673359126,0.3260553129074156,0.40542981714314347,0.25425652664537385,687,0.5052823314934324,0.4369880277115001,0.4686601969101137,0.3060458958449681,3174,0.4695201037004514,0.45534591189240936,0.4623243433115801,0.30066445180227036,795,0.0,0.0,0.0,0.0,1351,0.0,0.0,0.0,0.0,338
32,FaceSeg+,2025-07-04 05:31:52,4.136937354977269e-05,103.86697912216187,0.2507975995540619,0.8877332586566691,0.7688079793300167,0.24952622705296962,0.8885748508584522,0.7680040664540873,0.8351684551888143,0.7940557814856003,0.8140933393012579,0.6864734388889943,0.9096570897221439,0.9297343754568496,0.9195861090190579,0.8511425197710392,0.8523140418834873,0.7740839615236834,0.8113175102962601,0.682535160781735,0.9027511629971692,0.9398864579307085,0.9209445604478074,0.8534729721264395,0.8298943514047668,0.6772198731501057,0.6287436166187546,0.48584394566498534,0.9686941846064238,0.6500738240877452,0.585022270009109,0.44226331303684707,0.7297770855569962,0.9316515471488549,0.8184497323886485,0.6926914903382362,8047,0.6610864366019444,0.9598214285238184,0.7829253006450215,0.6432845744466994,2016,0.7187711768529756,0.8809523809279914,0.7916407018314421,0.6551369157781525,3612,0.7066420663554758,0.8464088396854798,0.7702362499755727,0.6263286998670213,905,0.4937931034142211,0.26150474798168355,0.34192927658489997,0.2062211981507425,2738,0.4444444442615455,0.15720524015178963,0.23225802586264954,0.13138686129788482,687,0.5119133573822414,0.4468956823054871,0.4772000175199361,0.31337016573893106,3173,0.56057494855019,0.34339622637189987,0.42589698870099174,0.27056491573136127,795,0.0,0.0,0.0,0.0,1350,0.0,0.0,0.0,0.0,338
33,FaceSeg+,2025-07-04 05:33:35,4.145909966887817e-05,103.01380920410156,0.2512232806793479,0.8875079132789789,0.7683372277268186,0.24886001995710652,0.8893269279591017,0.7706980782845007,0.8352387333236181,0.7930504720888601,0.8135980130403191,0.6857693313184304,0.9092668406199738,0.9298588934180179,0.9194475359896666,0.8509051241352067,0.8442940370855749,0.787641657943302,0.8149844585643871,0.6877416492465895,0.9076054758160729,0.9348994154330241,0.9210502362970725,0.8536545073224118,0.8257306363693503,0.6776427061310782,0.6297826064864732,0.48712136250865684,0.9040811700776669,0.6469099346129509,0.6005401040314067,0.45185268828887376,0.7307729989151487,0.9272749875568465,0.8173798202895114,0.6911601185999706,8044,0.7778738115480608,0.8928571428128542,0.8314087261799495,0.7114624505647644,2016,0.7231509044945466,0.8743078626557501,0.7915778423942527,0.6550508193185014,3612,0.5822784809717103,0.9149171269707275,0.7116458484103516,0.5523682454601488,905,0.47482517479197023,0.24771981027917842,0.3255813502728685,0.19444444443887618,2741,0.5576407505207397,0.302765647699743,0.3924527845021413,0.24413145537040712,687,0.5229766803661531,0.48092084514408956,0.5010677995866514,0.33428320911148,3171,0.3655063290560908,0.2905660376992999,0.32375608235192616,0.19314381269288095,795,0.0,0.0,0.0,0.0,1352,0.0,0.0,0.0,0.0,338
